<config xmlns:xsi="http://www.w3.org/2001/XMLSchema-instance"
  xmlns="http://www.ehcache.org/v3"
  xmlns:jsr107="http://www.ehcache.org/v3/jsr107"
  xsi:schemaLocation="
            http://www.ehcache.org/v3 http://www.ehcache.org/schema/ehcache-core-3.0.xsd
            http://www.ehcache.org/v3/jsr107 http://www.ehcache.org/schema/ehcache-107-ext-3.0.xsd">

  <cache alias="priceEngineCache" >
    <expiry>
      <ttl unit="hours">10</ttl>
    </expiry>
    <resources>
      <heap unit="entries">10000000</heap>
    </resources>
  </cache>

   
  
</config>
